9be05f82-7472-4356-8425-8edb7e7d7e27,nutmeg
ccfbabfa-4afb-476e-8c1c-6f99d219fb10,nutmeg
54635c76-94dd-493f-8e4f-05d701bf5e20,chase-gbr
969a87e0-dbb9-4461-aa14-a1473e1f67bc,chase-gbr
74aa5c8f-dafc-4bad-8a08-1c5db0817ad0,nutmeg
b2fd9567-2f79-43b8-a8e2-ac17454f2b75,chase-gbr
c1271c5e-d24a-4278-a0a3-1345a4ff22fe,chase-gbr
0f40560d-063f-41df-8d00-a99496a2cb8e,chase-gbr
17db1a2e-06ee-4d8f-8a75-4dfc21add75a,chase-gbr
b2576bfa-877e-4581-a026-43b157b0841a,chase-gbr
b12b65f9-3125-40e1-84d8-5679f402604b,nutmeg
ee89242c-518f-4e10-a136-61e4a5545639,nutmeg
72276e56-47f2-45bd-9e86-4bc7e5675645,chase-gbr
cb9cf48a-ca13-42a4-b6cd-c17d174a8206,chase-gbr
6d5c1f9a-0cb5-4f6f-8e49-0b7a4706b134,chase-gbr
63805b04-9a27-4da4-8a87-98e118edaffa,chase-gbr
4be51c05-a002-48e3-92ad-260dd540838b,nutmeg
fdfd7c7a-fcae-4fac-883e-ff8350eb4114,chase-gbr
b247d64a-f8c7-4c4b-91be-d88d00dc8ff9,chase-gbr
47728809-08ac-46cb-aac7-0cfb3a21fb1d,chase-gbr
af474806-d5b5-444e-aa02-dbfcef9b275d,nutmeg
fed6c763-1269-42fd-9a0b-fbc90cd981e1,chase-gbr
e4578f43-7bd3-42b8-956c-8a42c05601a6,nutmeg
677ec025-89ec-4b89-8a27-54aaaa7a1e33,chase-gbr
2dcec4d4-4e48-48e2-9420-596ded195ae5,chase-gbr
5c5c75de-708e-4b5b-b6f2-e0effef24eb9,chase-gbr
4edbeef8-984b-4e4a-b08f-0e8e39a2781b,jlp